{"r": 125.17531584701538, "g": 116.08281515960694, "b": 106.28272320175171}