{"r2": [0.859542191028595, 0.7890347838401794, 0.8351261019706726, 0.8338029980659485, 0.8459078669548035, 0.831226646900177, 0.8368404507637024, 0.8303015828132629, 0.811281681060791, 0.8097872734069824, 0.7815845608711243, 0.8275875449180603, 0.7915959358215332, 0.8058462738990784, 0.7626259922981262, 0.8067374229431152, 0.825911283493042, 0.7932224273681641, 0.8237223625183105, 0.8648724555969238, 0.8162514567375183, 0.8008741736412048, 0.8479514122009277, 0.8376407623291016, 0.8467885851860046, 0.8098306655883789, 0.7799122929573059, 0.8501706719398499, 0.8290727734565735, 0.7476497292518616, 0.737675666809082, 0.8331224322319031, 0.8561200499534607, 0.8488193154335022, 0.7957560420036316, 0.8199617862701416, 0.8828319907188416, 0.8121353983879089, 0.7956647276878357, 0.7877168655395508, 0.778991162776947, 0.8122238516807556, 0.8640285134315491, 0.8456513285636902, 0.8181890845298767, 0.8340268731117249, 0.7768020033836365, 0.8215606808662415, 0.8434640765190125, 0.8394685387611389, 0.7735774517059326, 0.7880985140800476, 0.8348962664604187, 0.8102492690086365, 0.849475622177124, 0.8368777632713318, 0.8311910033226013, 0.8538386225700378, 0.8412404656410217, 0.8305967450141907, 0.8522493243217468, 0.8207923769950867, 0.7834885716438293, 0.8335086703300476, 0.8299687504768372, 0.8353710174560547, 0.8597529530525208, 0.8123185038566589, 0.8542218208312988, 0.8565247058868408, 0.8475823998451233, 0.8460557460784912, 0.7849411368370056, 0.8254058957099915, 0.8503764271736145, 0.8044927716255188, 0.8390520215034485, 0.8166305422782898, 0.833028256893158, 0.8015206456184387, 0.8232986330986023, 0.7795085906982422, 0.8128029704093933, 0.8106008172035217, 0.8253280520439148, 0.8479831218719482, 0.8661972880363464, 0.8569707870483398, 0.8538773059844971, 0.7669499516487122, 0.8509769439697266, 0.8498876690864563, 0.7520176768302917, 0.776665449142456, 0.8149468302726746, 0.8461776375770569, 0.8144391179084778, 0.8325474858283997, 0.8107392191886902, 0.8307060599327087], "rmse": [0.3653900623321533, 0.45846009254455566, 0.38132813572883606, 0.391573965549469, 0.38776668906211853, 0.4014432430267334, 0.40462255477905273, 0.41182807087898254, 0.44087207317352295, 0.46028462052345276, 0.4644756019115448, 0.4235554337501526, 0.4744190275669098, 0.4087437093257904, 0.4360036849975586, 0.4297155737876892, 0.39970284700393677, 0.4346274435520172, 0.3942672312259674, 0.3574235141277313, 0.44355159997940063, 0.4212578535079956, 0.3815891742706299, 0.40740731358528137, 0.409132182598114, 0.4147237241268158, 0.4821479022502899, 0.3842260241508484, 0.4080503582954407, 0.49568402767181396, 0.4913361072540283, 0.4081212282180786, 0.3829333186149597, 0.4116519093513489, 0.4447169303894043, 0.427810937166214, 0.3575713634490967, 0.4323369264602661, 0.4652707576751709, 0.4316079020500183, 0.47318461537361145, 0.4319462776184082, 0.3859858214855194, 0.4072810709476471, 0.4094075858592987, 0.40559566020965576, 0.42790597677230835, 0.43748176097869873, 0.38061457872390747, 0.3988247215747833, 0.4702072739601135, 0.4519365429878235, 0.4151778817176819, 0.438857764005661, 0.372795432806015, 0.39767059683799744, 0.40821632742881775, 0.37610846757888794, 0.39429473876953125, 0.40015891194343567, 0.39849141240119934, 0.3885999619960785, 0.46716317534446716, 0.39404335618019104, 0.4100956320762634, 0.3895213007926941, 0.35378405451774597, 0.41326555609703064, 0.39874783158302307, 0.39182040095329285, 0.38123616576194763, 0.39519697427749634, 0.4457448124885559, 0.4124065339565277, 0.3711608946323395, 0.4423907399177551, 0.3618811070919037, 0.40501418709754944, 0.41935715079307556, 0.410803884267807, 0.4270211160182953, 0.4614710509777069, 0.4305437505245209, 0.4295935332775116, 0.39162421226501465, 0.3921739459037781, 0.37363043427467346, 0.37176433205604553, 0.4019801616668701, 0.4945971667766571, 0.4012546241283417, 0.38896995782852173, 0.4612064063549042, 0.4430001974105835, 0.4079115688800812, 0.38703614473342896, 0.4171995222568512, 0.41019198298454285, 0.434956818819046, 0.4200822710990906]}