{"loss": [1.7056095600128174, 1.3425366878509521, 1.1858985424041748, 1.082916259765625, 0.9975954294204712, 0.9344102144241333, 0.8806812763214111, 0.8367967009544373, 0.7973971366882324, 0.7615618109703064, 0.7329774498939514, 0.7054377794265747, 0.667263388633728, 0.6478861570358276, 0.6215344071388245, 0.6062416434288025, 0.5841674208641052, 0.5666431188583374, 0.5485135316848755, 0.5338735580444336, 0.5209110379219055, 0.5044763088226318, 0.4968818426132202, 0.47988176345825195, 0.4676552414894104, 0.4679202139377594, 0.44954654574394226, 0.43860965967178345, 0.4325777590274811, 0.42028898000717163, 0.41345149278640747, 0.4024069607257843, 0.39775726199150085, 0.38757720589637756, 0.38084226846694946, 0.3762699067592621, 0.3706979751586914, 0.3632550835609436, 0.35222533345222473, 0.34402504563331604, 0.34282273054122925, 0.3379535675048828, 0.33083462715148926, 0.32722941040992737, 0.32184863090515137, 0.3202710449695587, 0.31239378452301025, 0.3092058300971985, 0.3054414987564087, 0.29664790630340576, 0.29344451427459717, 0.2880566120147705, 0.28547173738479614, 0.2794175446033478, 0.2744810879230499, 0.26893681287765503, 0.26776859164237976, 0.2675943672657013, 0.26273253560066223, 0.2554296553134918, 0.2520228624343872, 0.2521257996559143, 0.2468511313199997, 0.24372269213199615, 0.24459536373615265, 0.24067814648151398, 0.23997095227241516, 0.23906105756759644, 0.23563021421432495, 0.23413518071174622], "accuracy": [0.3664690852165222, 0.5131968855857849, 0.5755566954612732, 0.6134251952171326, 0.6486703157424927, 0.6717197895050049, 0.6908442974090576, 0.7065844535827637, 0.7228452563285828, 0.7333787083625793, 0.7458747029304504, 0.7557674050331116, 0.7687439918518066, 0.7769744992256165, 0.7852250933647156, 0.7912327647209167, 0.7989826798439026, 0.8045898675918579, 0.813661515712738, 0.8186478614807129, 0.8206504583358765, 0.8285805583000183, 0.8314242362976074, 0.8357096910476685, 0.8400352597236633, 0.8404958248138428, 0.8459027409553528, 0.8492270112037659, 0.8522108197212219, 0.8569769263267517, 0.8590195178985596, 0.8631848692893982, 0.8642662763595581, 0.8677907586097717, 0.8718359470367432, 0.8717758655548096, 0.8739786744117737, 0.8755406737327576, 0.8793455362319946, 0.88040691614151, 0.8825696706771851, 0.8837912678718567, 0.8871355056762695, 0.8878765106201172, 0.8901193737983704, 0.8911606669425964, 0.8926025032997131, 0.8946451544761658, 0.8966877460479736, 0.8991308808326721, 0.900993287563324, 0.900212287902832, 0.9029757976531982, 0.9035364985466003, 0.9072012305259705, 0.9093639850616455, 0.9085829854011536, 0.9076017141342163, 0.910645604133606, 0.9130687117576599, 0.91392982006073, 0.9146507382392883, 0.9159724712371826, 0.9176145195960999, 0.9170738458633423, 0.9191365242004395, 0.9184556007385254, 0.9186158180236816, 0.9213393330574036, 0.921499490737915], "val_loss": [1.5599545240402222, 1.294538974761963, 1.4721378087997437, 1.1639102697372437, 1.0532581806182861, 0.8457086086273193, 0.8338064551353455, 0.8985072374343872, 0.8404317498207092, 0.7643830180168152, 0.7731615304946899, 0.7156811952590942, 0.6926321983337402, 0.6948431134223938, 0.6325444579124451, 1.066331386566162, 0.779611349105835, 0.6042276620864868, 0.6819125413894653, 0.6272828578948975, 0.6045050621032715, 0.6170156002044678, 0.5195271968841553, 0.5227388739585876, 0.584254264831543, 0.5990108251571655, 0.516865074634552, 0.6239339709281921, 0.5634271502494812, 0.5378686189651489, 0.5775410532951355, 0.5402405858039856, 0.4752715826034546, 0.46518149971961975, 0.4860716760158539, 0.5152400135993958, 0.5743952393531799, 0.48190462589263916, 0.4584556221961975, 0.46098819375038147, 0.4962632954120636, 0.651103138923645, 0.47134268283843994, 0.4608308970928192, 0.4392770528793335, 0.462555468082428, 0.45189613103866577, 0.4438962936401367, 0.4534243047237396, 0.44571977853775024, 0.4719383418560028, 0.4288226068019867, 0.4666951298713684, 0.4360978901386261, 0.4122826159000397, 0.4265112280845642, 0.45517459511756897, 0.4219911992549896, 0.4161134362220764, 0.4232519567012787, 0.40315642952919006, 0.4018150269985199, 0.4019986093044281, 0.4058476388454437, 0.40457165241241455, 0.38845306634902954, 0.39636874198913574, 0.388744056224823, 0.3919386863708496, 0.3906990587711334], "val_accuracy": [0.4620000123977661, 0.5501000285148621, 0.5289000272750854, 0.5795000195503235, 0.6326000094413757, 0.7002999782562256, 0.7089999914169312, 0.6837999820709229, 0.7085999846458435, 0.7315999865531921, 0.7268000245094299, 0.7534000277519226, 0.7609000205993652, 0.7560999989509583, 0.7850000262260437, 0.6680999994277954, 0.7558000087738037, 0.7949000000953674, 0.7797999978065491, 0.7878999710083008, 0.7922000288963318, 0.7897999882698059, 0.8227999806404114, 0.8202000260353088, 0.8046000003814697, 0.798799991607666, 0.8241000175476074, 0.7955999970436096, 0.8170999884605408, 0.8202000260353088, 0.8080000281333923, 0.8195000290870667, 0.8393999934196472, 0.8425999879837036, 0.838100016117096, 0.828000009059906, 0.814300000667572, 0.839900016784668, 0.8414999842643738, 0.8414999842643738, 0.8341000080108643, 0.7986000180244446, 0.8445000052452087, 0.8458999991416931, 0.8535000085830688, 0.8456000089645386, 0.847599983215332, 0.85589998960495, 0.8503000140190125, 0.8511999845504761, 0.8457000255584717, 0.8568999767303467, 0.8513000011444092, 0.8525999784469604, 0.8622000217437744, 0.8589000105857849, 0.8529999852180481, 0.859000027179718, 0.8618999719619751, 0.8611000180244446, 0.8647000193595886, 0.8651000261306763, 0.8676000237464905, 0.866100013256073, 0.866100013256073, 0.8715999722480774, 0.8689000010490417, 0.8702999949455261, 0.8690000176429749, 0.8705000281333923]}