{"loss": [1.599316633863449, 1.1344673377227783, 0.9543345090675354, 0.8522317282390595, 0.7797889229202271, 0.7179935326385498, 0.6738166530609131, 0.628070155506134, 0.5928731141281128, 0.5529533216667175, 0.5258564965629577, 0.49317030767440795, 0.46852025192260743, 0.44325757908821106, 0.42328807682037356, 0.39829634572982786, 0.3826871872615814, 0.3654481266880035, 0.346275390920639, 0.33079157166957857, 0.32031049007415774, 0.30271391575813295, 0.2953523343491554, 0.2759197717356682, 0.2707155617141724, 0.26320351809501646, 0.24930248567581176, 0.24140037642002105, 0.2365172803258896, 0.232049360871315, 0.21688378759384155, 0.21428682546615602, 0.2139525944805145, 0.19789815962314605, 0.19953511761665343, 0.2035161755847931, 0.19524615802764891, 0.18336299644470214, 0.17859865285396576, 0.17294753340482713, 0.16858869592428208, 0.1643242802786827, 0.1615852187538147, 0.15416457626581193, 0.1566078791999817, 0.1496966184616089, 0.15032450486183166, 0.14906766765654086, 0.14084743949532508, 0.13852153389692307, 0.14068283754110336, 0.1364691671395302, 0.13244920571565627, 0.13408549711465836, 0.13000593725979329, 0.13668126975297928, 0.12803971655845642, 0.12473088171601296, 0.11629493126869202, 0.11508364903450012, 0.11959764538764954, 0.16993744832754135, 0.12524641607284545, 0.11649214550256728, 0.11338696400165559, 0.10944914065361024, 0.11406313127994537, 0.10732375393033028, 0.10724350275754929, 0.10181966038703918, 0.1012381589782238, 0.10261928159356118, 0.09621833960652351, 0.09709004398405552, 0.09824253114104271, 0.09478375450849533, 0.0953775339794159, 0.09377688514471054, 0.09693623641014099, 0.0909686137354374, 0.08761989644408226, 0.08830674108624459, 0.09137333739459515, 0.08552465339064598, 0.0886483104723692, 0.11269108966827393, 0.0913982669198513, 0.0845720253622532, 0.0851352911579609, 0.0853469786965847, 0.08065474503457547, 0.0801075040769577, 0.08399793113589286, 0.08329366611242295, 0.07826949896097184, 0.07949476263582707, 0.07962549965620042, 0.07870010783076287, 0.07843480828404427, 0.0767083255469799], "acc": [0.4641999900341034, 0.6094599962234497, 0.6705399751663208, 0.7043399810791016, 0.7262200117111206, 0.7511000037193298, 0.7641599774360657, 0.7776600122451782, 0.7907000184059143, 0.8053600192070007, 0.8159000277519226, 0.8281599879264832, 0.8334599733352661, 0.8431199789047241, 0.849120020866394, 0.8581200242042542, 0.8641200065612793, 0.8701800107955933, 0.8766400218009949, 0.8829799890518188, 0.8858799934387207, 0.893060028553009, 0.8951399922370911, 0.9025999903678894, 0.9037399888038635, 0.9061400294303894, 0.910539984703064, 0.9130799770355225, 0.9164000153541565, 0.9185600280761719, 0.92221999168396, 0.9234200119972229, 0.9246000051498413, 0.9296000003814697, 0.9296200275421143, 0.9271799921989441, 0.9307199716567993, 0.9339399933815002, 0.9363600015640259, 0.9391599893569946, 0.939520001411438, 0.9430599808692932, 0.9416000247001648, 0.9454399943351746, 0.9440199732780457, 0.9474200010299683, 0.9465600252151489, 0.9464399814605713, 0.9506800174713135, 0.951200008392334, 0.9508000016212463, 0.9516800045967102, 0.9541000127792358, 0.9529600143432617, 0.9536799788475037, 0.9528399705886841, 0.954479992389679, 0.956059992313385, 0.9590399861335754, 0.9600200057029724, 0.9581800103187561, 0.9408199787139893, 0.9549999833106995, 0.9583600163459778, 0.9607200026512146, 0.961139976978302, 0.9600399732589722, 0.9617800116539001, 0.9620599746704102, 0.9639400243759155, 0.9653800129890442, 0.963919997215271, 0.9662399888038635, 0.9656800031661987, 0.9652400016784668, 0.9674400091171265, 0.9664999842643738, 0.9663599729537964, 0.9670000076293945, 0.967519998550415, 0.9691399931907654, 0.9688599705696106, 0.9678199887275696, 0.9698799848556519, 0.9687399864196777, 0.9599199891090393, 0.9670199751853943, 0.971019983291626, 0.9709600210189819, 0.9700000286102295, 0.9724599719047546, 0.9715999960899353, 0.9698799848556519, 0.970740020275116, 0.9734200239181519, 0.9718199968338013, 0.9711800217628479, 0.972819983959198, 0.9735000133514404, 0.9739199876785278], "val_loss": [1.3781305072784424, 0.96709547290802, 0.8250597373008728, 0.7530475078582763, 0.7205749176025391, 0.6691409907341004, 0.7111859716415405, 0.6296142899513245, 0.7395138427734375, 0.603462720489502, 0.5826023594856262, 0.6267769127845764, 0.6228318853855133, 0.5895057182312011, 0.5809705410003662, 0.7045462148666382, 0.5962458417892456, 0.5506806826591492, 0.5489756057739258, 0.5848322082519531, 0.5842561357498169, 0.5705410945892334, 0.579612146282196, 0.5797582440853118, 0.5732092726707458, 0.586166847705841, 0.5790941708564759, 0.677802453136444, 0.5614509716033935, 0.6648793282985688, 0.612958309173584, 0.6305998168945313, 0.5911366798400879, 0.6347953874588013, 0.6583865351676941, 0.6326731368064881, 0.6057165676116943, 0.5945726287841797, 0.610811761379242, 0.6303972004890442, 0.6819517467498779, 0.629492744588852, 0.6337115383148193, 0.6094037791252136, 0.6208675915718078, 0.623623968410492, 0.6661094837784767, 0.6580502334594727, 0.6351605768203735, 0.6400928319931031, 0.6459301265716553, 0.6062385760307312, 0.6977435680389404, 0.6411824226379395, 0.6763457672595978, 0.6454546875476838, 0.6286466985702515, 0.6274018930912018, 0.6579029246330261, 0.6762425335884095, 0.7221135970592498, 0.6157843587875366, 0.7111545914649964, 0.6392407479763031, 0.6515416372299194, 0.6767834589004517, 0.6575319802284241, 0.6465058756828308, 0.6748920884609222, 0.6571960250854492, 0.6564667694091797, 0.6685082404613495, 0.6913177436828614, 0.6543142802238464, 0.6943975662708283, 0.671252041053772, 0.7147354408562183, 0.6774206212043762, 0.6587230972051621, 0.6759106525421142, 0.6803865389823913, 0.6793410147666931, 0.672123745918274, 0.6871241192817688, 0.7013276949882508, 0.6749544345855713, 0.6717615595340729, 0.6694282757759095, 0.6745405109405518, 0.6747659163475037, 0.6818646263122559, 0.6704494571685791, 0.697921952676773, 0.6923272465527057, 0.678568753528595, 0.7460601709365845, 0.6908474366188049, 0.7127074179649353, 0.6734335271835327, 0.7019055530548096],