{"R": 122.49462207573785, "G": 114.28757347005208, "B": 101.35285097927517}